pattern	precision	recall	score
GTAT	0.8333333333333334	0.017857142857142856	14.0
GTG..A	0.71875	0.020535714285714286	9.5
GTATG.	0.9	0.008035714285714285	7.5
GTAT[GCA]A	0.8571428571428571	0.005357142857142857	4.5
GAAAA	0.75	0.008035714285714285	4.5
GTA...	0.6216216216216216	0.04107142857142857	4.0
GTGT.A	0.8333333333333334	0.004464285714285714	3.5
G.AT.A	0.6666666666666666	0.008928571428571428	2.5
GTGA[ATG][GA]	0.6470588235294118	0.009821428571428571	2.0
GTAC	0.6153846153846154	0.007142857142857143	0.5
GCA..T	0.5714285714285714	0.007142857142857143	-1.0
GTA.A	0.5625	0.008035714285714285	-1.5
G..GTA	0.5	0.004464285714285714	-2.5
.T.TTG	0.5416666666666666	0.011607142857142858	-3.5
G.T.CA	0.5238095238095238	0.009821428571428571	-4.0
GGT.C.	0.5	0.007142857142857143	-4.0
G.AT	0.55	0.039285714285714285	-10.0
